{"loss_G_A": 0.40124645829200745, "loss_G_B": 0.6392226219177246, "loss_cycle_A": 1.9254796504974365, "loss_cycle_B": 2.066370725631714, "loss_idt_A": 0.7948541641235352, "loss_G": 6.4629316329956055, "loss_D_A": 0.21685630083084106, "loss_D_B": 0.15202143788337708, "_timestamp": 1699754265.6993275, "_runtime": 8142.582724571228, "_step": 1699}