{"loss_G_A": 2.9466700553894043, "loss_G_B": 5.371855735778809, "loss_cycle_A": 5.343328475952148, "loss_cycle_B": 6.798110008239746, "loss_idt_A": 3.113982677459717, "loss_G": 25.983617782592773, "loss_D_A": 2.2613577842712402, "loss_D_B": 4.033303737640381, "_timestamp": 1699708447.3968575, "_runtime": 167.10832142829895, "_step": 0}