{"loss_G_A": 0.3771106004714966, "loss_G_B": 0.3360472321510315, "loss_cycle_A": 1.593473196029663, "loss_cycle_B": 1.202796459197998, "loss_idt_A": 0.45228177309036255, "loss_G": 4.647865295410156, "loss_D_A": 0.18879607319831848, "loss_D_B": 0.20743346214294434, "_timestamp": 1699711006.0293214, "_runtime": 2480.0635595321655, "_step": 505}